customer_state,seller_state,total_orders,late_orders,late_rate
AL,SP,255,67,0.2627450980392157
SP,MA,123,31,0.25203252032520324
MA,SP,491,104,0.21181262729124237
PI,SP,329,60,0.182370820668693
BA,PR,143,24,0.16783216783216784
SE,SP,208,34,0.16346153846153846
RJ,SP,8158,1264,0.154939936258887
CE,SP,969,148,0.15273477812177502
BA,SP,2307,345,0.14954486345903772
MS,SP,477,70,0.14675052410901468
ES,SP,1461,207,0.14168377823408623
RJ,PR,963,135,0.14018691588785046
PA,SP,681,90,0.13215859030837004
TO,SP,198,25,0.12626262626262627
RN,SP,332,40,0.12048192771084337
BA,RJ,135,15,0.1111111111111111
PB,SP,336,37,0.11011904761904762
SC,SP,2327,256,0.11001289213579717
PE,SP,1133,122,0.10767872903795234
BA,MG,366,39,0.10655737704918032
SC,RJ,113,12,0.10619469026548672
RJ,SC,470,48,0.10212765957446808
SP,ES,100,10,0.1
RS,RJ,198,19,0.09595959595959595
RJ,MG,1134,106,0.09347442680776014
GO,SP,1420,131,0.09225352112676057
ES,PR,110,10,0.09090909090909091
SP,RJ,1320,120,0.09090909090909091
PR,RJ,202,18,0.0891089108910891
SC,MG,251,22,0.08764940239043825
RJ,RS,246,21,0.08536585365853659
DF,SP,1383,114,0.0824295010845987
PE,MG,110,9,0.08181818181818182
RS,SP,3596,273,0.07591768631813126
GO,RJ,109,8,0.07339449541284404
MG,RJ,551,40,0.07259528130671507
MT,SP,653,44,0.06738131699846861
SC,PR,390,26,0.06666666666666667
RJ,RJ,956,62,0.06485355648535565
MG,SP,7440,472,0.06344086021505377
SC,SC,255,16,0.06274509803921569
SP,SP,30735,1912,0.06220920774361477
RS,SC,293,18,0.06143344709897611
PR,SP,3119,167,0.05354280218018596
MG,PR,817,43,0.05263157894736842
RS,PR,576,30,0.052083333333333336
RS,RS,288,15,0.052083333333333336
MG,SC,428,22,0.0514018691588785
SP,BA,137,7,0.051094890510948905
PR,RS,138,7,0.050724637681159424
RS,MG,278,14,0.050359712230215826
ES,MG,171,8,0.04678362573099415
SP,SC,1305,57,0.04367816091954023
PR,PR,714,31,0.04341736694677871
SP,MG,2546,110,0.04320502749410841
DF,PR,150,6,0.04
SP,GO,126,5,0.03968253968253968
SP,PR,2923,103,0.035237769414984604
DF,MG,186,6,0.03225806451612903
PR,SC,285,9,0.031578947368421054
MG,MG,1525,48,0.031475409836065574
RO,SP,169,5,0.029585798816568046
SP,DF,308,9,0.02922077922077922
SP,PE,104,3,0.028846153846153848
MG,RS,187,5,0.026737967914438502
GO,MG,150,4,0.02666666666666667
SP,RS,667,15,0.022488755622188907
PR,MG,363,7,0.01928374655647383
MG,DF,102,1,0.00980392156862745
SC,RS,116,0,0.0
